Neighborhood,comuna,perimetro,area,Latitude,Longitude,poblacion,Total_delitos,Delitos/Pob,Size,Rent,Price/Mts2,subway stations,Cluster Labels,1st Most Common Venue,2nd Most Common Venue,3rd Most Common Venue,4th Most Common Venue,5th Most Common Venue,6th Most Common Venue,7th Most Common Venue,8th Most Common Venue,9th Most Common Venue,10th Most Common Venue
Chacarita,15,7724.85,-0.4096481704140108,-34.588010700000005,-58.4541562,-0.6696941727263349,-0.47162242457714126,0.25244122308680295,0.0016838119065431794,0.0831789491169154,0.1961325518225887,0.21459005432586345,1,Pizza Place,Argentinian Restaurant,Café,Coffee Shop,Theater,Bus Station,Bus Stop,Sandwich Place,Spanish Restaurant,Sporting Goods Shop
La Paternal,15,7087.51,-0.7316533055164581,-34.597739700000005,-58.4701995,-0.8357015804364872,-0.8500751547665788,-0.46033399504064176,-0.2963508955516168,-0.17914387286933126,-0.07933355978628237,-0.5483968054994288,1,Bus Stop,Diner,Arts & Entertainment,Shopping Mall,Yoga Studio,English Restaurant,Flea Market,Fish Market,Fast Food Restaurant,Farmers Market
Villa Crespo,15,8131.86,-0.22780638261403258,-34.59839470000001,-58.4424743,0.44881272472205364,0.33689022628211174,-0.10394638597691942,0.011786683345802974,-0.20829955012073106,-0.25486568448204655,-0.16690337558678267,1,Pizza Place,Café,Argentinian Restaurant,Coffee Shop,Ice Cream Shop,Dance Studio,Sandwich Place,Bakery,Burger Joint,Gym
Villa del Parque,11,7705.39,-0.306458390103965,-34.6047975,-58.4938209,-0.10191746947898139,-0.5385206344591126,-0.816721604104364,-0.33171094558902536,-0.2547072165749086,-0.1469244181776299,-0.5483968054994288,1,Pharmacy,Ice Cream Shop,Plaza,Gym,Train Station,Shopping Mall,Big Box Store,Mediterranean Restaurant,Gastropub,Bakery
Almagro,5,8537.9,-0.06977144986959145,-34.6099883,-58.4222331,1.4753180031286897,1.1826747369327488,-0.10394638597691942,-0.2963508955516168,-0.24259722253361604,-0.18774584252548193,1.359070344063802,1,Argentinian Restaurant,Bar,Ice Cream Shop,Pizza Place,Italian Restaurant,Cheese Shop,Sandwich Place,Coffee Shop,Concert Hall,Dessert Shop
Caballito,6,10990.96,0.9480926158351722,-34.6200773,-58.44248929999999,2.3911447972551727,1.2056112660351388,-0.46033399504064176,-0.4529454028601411,-0.27786212900427737,-0.17086775361242787,1.359070344063802,1,Café,Argentinian Restaurant,Bakery,Fast Food Restaurant,Gym,Soccer Stadium,Market,Restaurant,Pizza Place,Plaza
Villa Santa Rita,11,5757.75,-0.7593285560628537,-34.6160781,-58.4827416,-0.5548675669954438,-0.6866523849120489,-0.46033399504064176,1.279697048972889,-0.057111921372988456,-0.3467138892647137,-0.5483968054994288,0,Ice Cream Shop,BBQ Joint,Pizza Place,Park,Shop & Service,Café,Bus Stop,Bar,Sports Club,Gym
Monte Castro,10,7361.04,-0.5871118776652362,-34.6188385,-58.50594649999999,-0.5487176157898713,-0.726313466484932,-0.46033399504064176,-0.892420310467936,-0.47901047185774015,-0.4519075596995634,-0.5483968054994288,0,Café,Ice Cream Shop,Argentinian Restaurant,Coffee Shop,Pizza Place,School,Empanada Restaurant,Fish Market,Fast Food Restaurant,Farmers Market
Villa Real,10,5070.97,-1.0572223830623304,-34.618943200000004,-58.5258765,-0.9656760525596274,-1.0015518157136138,-0.46033399504064176,-0.4377910957012518,-0.40505899855017974,-0.497831662090897,-0.5483968054994288,0,Bus Stop,Tennis Court,Sports Club,Pharmacy,Bus Station,Gym,Athletics & Sports,Bakery,Plaza,History Museum
Flores,7,15772.44,1.5804709614663093,-34.6282028,-58.4622184,2.1483249117358225,1.471292728137825,-0.46033399504064176,-0.26604228123383744,-0.3238644517059184,-0.3639844918734205,1.359070344063802,1,Ice Cream Shop,Café,Pizza Place,Pharmacy,Electronics Store,Tennis Court,Restaurant,Dessert Shop,Noodle House,Shopping Plaza
Floresta,10,7519.65,-0.6986444326166632,-34.6281055,-58.4837914,-0.4671585313455001,-0.42240445587826236,-0.10394638597691942,0.17848406209358708,-0.2440173234045709,-0.428356737960418,-0.5483968054994288,1,Argentinian Restaurant,Plaza,Comfort Food Restaurant,Deli / Bodega,Supermarket,Middle Eastern Restaurant,Toy / Game Store,Café,Yoga Studio,English Restaurant
Constitución,1,6326.84,-0.7781193091688346,-34.624246,-58.3836324,-0.33235490290657477,0.5509644979044198,1.3216040502779698,-0.46809971001903045,-0.5209453796632407,-0.7090040303519013,-0.5483968054994288,1,Café,Argentinian Restaurant,Intersection,Bus Stop,Soccer Field,Hotel,BBQ Joint,Plaza,Electronics Store,Fast Food Restaurant
San Cristóbal,3,5987.23,-0.7993047398476192,-34.6240603,-58.40238960000001,-0.23940396253778734,-0.25945953038003233,-0.10394638597691942,-0.084190595327164,-0.3613461691818302,-0.49076641556915357,0.21459005432586345,1,Ice Cream Shop,Theater,Pizza Place,Convenience Store,Pharmacy,Dessert Shop,Café,Bus Stop,Soccer Field,Breakfast Spot
Boedo,5,6602.51,-0.5935203164361413,-34.6302518,-58.41879,-0.2663357958373583,-0.30246552244701386,-0.10394638597691942,-0.599437038729406,-0.3287537360037533,-0.2313148627429011,-0.16690337558678267,0,Argentinian Restaurant,Soccer Field,Breakfast Spot,Ice Cream Shop,Intersection,Dessert Shop,Pizza Place,BBQ Joint,Event Space,Food & Drink Shop
Vélez Sarsfield,10,7045.58,-0.6696099698160848,-34.631196100000004,-58.4925556,-0.5186282572069024,-0.6861745405557492,-0.46033399504064176,-0.4377910957012518,-0.40505899855017974,-0.497831662090897,-0.5483968054994288,1,Argentinian Restaurant,Soccer Field,Bus Stop,Sports Club,Yoga Studio,English Restaurant,Flea Market,Fish Market,Fast Food Restaurant,Farmers Market
Villa Luro,10,8652.93,-0.6091189997084916,-34.63707470000001,-58.5015075,-0.5718521637813035,-0.7148452019337369,-0.46033399504064176,-0.6044884744490359,-0.4921492003882283,-0.6132306886127098,-0.5483968054994288,1,Ice Cream Shop,Argentinian Restaurant,BBQ Joint,Dance Studio,Pizza Place,Coffee Shop,Café,Brewery,Spanish Restaurant,Supermarket
Parque Patricios,4,7878.43,-0.18147544708316632,-34.6374817,-58.401238600000006,-0.3967849286240158,-0.269494261862328,0.25244122308680295,-0.867163131869787,-0.47901047185774015,-0.4358144981778142,0.9775769141511557,1,Ice Cream Shop,Pizza Place,Restaurant,Bakery,Argentinian Restaurant,Coffee Shop,Café,Metro Station,Empanada Restaurant,Sandwich Place
Mataderos,9,11124.64,1.1469744835645832,-34.6578631,-58.50176170000001,0.08718321138229732,0.027724927756144425,-0.10394638597691942,-0.003367623813086359,-0.45505046287160955,-0.7305922836127846,-0.5483968054994288,1,Cheese Shop,Soccer Field,Dessert Shop,Skate Park,Electronics Store,Fish Market,Fast Food Restaurant,Farmers Market,Factory,Event Space
Villa Lugano,8,15057.47,1.8368594840796837,-34.6741532,-58.4776892,1.3654237408143484,0.6689920539104692,-0.46033399504064176,-0.5539741172527376,-0.5636742021288814,-0.8063474268737025,-0.5483968054994288,1,Ice Cream Shop,Bus Stop,Argentinian Restaurant,Dessert Shop,Pharmacy,Gym / Fitness Center,Gym,Bakery,Bar,English Restaurant
San Telmo,1,5178.03,-1.0942529520806834,-34.621401299999995,-58.37375,-0.8205124392039324,-0.4032906816262706,1.3216040502779698,-0.20542505259827937,-0.23673511322969398,-0.18892338361243927,-0.5483968054994288,1,Argentinian Restaurant,Bar,Hotel,Café,Ice Cream Shop,BBQ Joint,Restaurant,Pizza Place,Coffee Shop,Italian Restaurant
Saavedra,12,11132.14,0.4710697406079426,-34.5525291,-58.4862759,-0.2046505470002567,-0.29099725789581876,-0.10394638597691942,-0.629745653047185,-0.14355357320697873,0.22321599682260587,-0.5483968054994288,1,Bakery,Restaurant,Ice Cream Shop,Plaza,Pharmacy,Doctor's Office,Bus Stop,Music Venue,Steakhouse,Food Truck
Coghlan,12,4627.56,-1.0769214537464,-34.559909600000005,-58.4747142,-0.858671029066696,-0.937998516325741,-0.46033399504064176,-0.12460208108420245,-0.09113843279279726,-0.011899706873196102,-0.5483968054994288,1,Café,Bus Station,Pizza Place,Music Store,Bus Stop,Fast Food Restaurant,Bakery,BBQ Joint,Gym / Fitness Center,Restaurant
Villa Urquiza,12,10021.46,0.438494798447562,-34.5732414,-58.49147850000001,0.6470145078707735,0.03823750359473991,-0.46033399504064176,-0.4984083243368095,-0.159375956926673,0.13215281943124374,0.21459005432586345,2,Italian Restaurant,Coffee Shop,Café,Bakery,Pizza Place,Train Station,Metro Station,Sports Club,Restaurant,Ice Cream Shop
Colegiales,13,6374.62,-0.7098640539254539,-34.5745154,-58.4522819,-0.15809252713525127,-0.46397691487634457,-0.46033399504064176,0.3249756979628523,0.4193598755739314,0.403772296822721,-0.5483968054994288,0,Pizza Place,Argentinian Restaurant,Gym,Brewery,Beer Bar,Café,Mexican Restaurant,Bus Station,Sports Club,South American Restaurant
Balvanera,3,8375.82,0.03619518547852418,-34.609215500000005,-58.40313960000001,1.6244646385738999,3.249351577929362,0.9652164412142477,-0.6499513959257043,-0.3277445698336456,1.4898576926929787,4.029524353452325,1,Fast Food Restaurant,Café,Hotel,Furniture / Home Store,Arts & Crafts Store,Pizza Place,Gas Station,Gym / Fitness Center,BBQ Joint,Gym
Villa General Mitre,11,6290.44,-0.7562082712700395,-34.6103098,-58.4693142,-0.5262228278231799,-0.6594152566029606,-0.46033399504064176,3.9923180304141055,0.2478128085522429,-0.6779954483953599,-0.5483968054994288,1,Bus Stop,Outdoor Sculpture,Supermarket,Pizza Place,Intersection,Italian Restaurant,Café,Tennis Court,Yoga Studio,Fast Food Restaurant
Parque Chas,15,4531.25,-1.0385880674765615,-34.585511100000005,-58.4793049,-0.8816817525372107,-0.9351314501879423,-0.46033399504064176,-0.5893341672901465,-0.37650882100084454,-0.3416112112212324,-0.5483968054994288,0,Plaza,BBQ Joint,Pizza Place,Café,Grocery Store,Electronics Store,Fish Market,Fast Food Restaurant,Farmers Market,Factory
Agronomía,15,6556.17,-0.7707861995412629,-34.5915159,-58.4853851,-0.9555018044242339,-0.9485110921643366,-0.46033399504064176,-0.5034597600564393,-0.23655899835790234,-0.05389867230800544,-0.5483968054994288,1,BBQ Joint,Plaza,Garden Center,Farmers Market,Bus Stop,Athletics & Sports,Tunnel,Trail,Empanada Restaurant,Flea Market
Villa Ortúzar,15,5685.0,-0.8683342114229067,-34.581302,-58.4682453,-0.7940346291477257,-0.8572428201110758,-0.46033399504064176,-0.40243104566384286,-0.1575309439840938,0.05757521725728315,-0.5483968054994288,1,BBQ Joint,Gym / Fitness Center,Coffee Shop,Rock Club,Mexican Restaurant,Supermarket,Metro Station,Bakery,Auto Workshop,Music Venue
Barracas,4,12789.79,1.348809559303116,-34.6452854,-58.3875619,0.6034489139279426,0.6078279763040955,-0.10394638597691942,-0.11955064536457292,-0.46153875838634634,-0.6991911879605907,-0.5483968054994288,1,Train Station,Farmers Market,Auto Workshop,Electronics Store,Food & Drink Shop,Flea Market,Fish Market,Fast Food Restaurant,Factory,Event Space
Parque Avellaneda,9,10165.61,0.17811065263566428,-34.64948029999999,-58.4769052,-0.14410035627156612,-0.3029433668033137,-0.46033399504064176,-1.0086033320194219,-0.5768520672975456,-0.6473793801344707,-0.5483968054994288,1,Ice Cream Shop,Beer Garden,Athletics & Sports,Candy Store,Toll Booth,Event Space,Food & Drink Shop,Flea Market,Fish Market,Fast Food Restaurant
Parque Chacabuco,7,8406.91,-0.14924262248958428,-34.638368,-58.4387012,-0.08111494996483004,-0.09030262824990493,-0.10394638597691942,-0.13470495252346226,-0.3960771400888056,-0.5794745107866013,0.21459005432586345,1,Pharmacy,Café,Ice Cream Shop,Bar,Supermarket,Pizza Place,Gym,Fish Market,Fast Food Restaurant,Farmers Market
Nueva Pompeya,4,11033.51,0.25764256756246195,-34.652629600000004,-58.4147098,-0.36149494016250905,0.10179080298261263,0.6088288321505251,-0.12460208108420245,-0.45385120445893307,-0.7117516262214681,-0.5483968054994288,1,Pizza Place,Fast Food Restaurant,Plaza,Grocery Store,Train Station,Sports Club,Yoga Studio,Electronics Store,Fish Market,Farmers Market
Palermo,14,22126.53,4.217600577695023,-34.580336200000005,-58.4245236,3.432467743331611,3.402739616301596,-0.10394638597691942,0.9159936771595413,2.0088944350890103,2.661118560519813,1.740563773976448,1,Ice Cream Shop,Hotel,Argentinian Restaurant,Café,Grocery Store,Clothing Store,Pizza Place,Bakery,Pharmacy,Seafood Restaurant
Villa Riachuelo,8,10596.83,-0.003673646065850405,-34.6912065,-58.47145,-0.9519521681579304,-0.9169733646485502,-0.10394638597691942,-0.7560315460379307,-0.6187841796288908,-0.8652244812215661,-0.5483968054994288,4,Beer Garden,Plaza,Pizza Place,Yoga Studio,Empanada Restaurant,Flea Market,Fish Market,Fast Food Restaurant,Farmers Market,Factory
Villa Soldati,8,12441.7,1.61586711497916,-34.6662898,-58.4459552,-0.2772117162579513,-0.3454715145139954,-0.10394638597691942,-0.6550028316453341,-0.5912291908788861,-0.8357859540476343,-0.5483968054994288,0,Soccer Stadium,Bus Stop,Yoga Studio,Food Service,Flea Market,Fish Market,Fast Food Restaurant,Farmers Market,Factory,Event Space
Villa Pueyrredón,12,7522.36,-0.3414825874050192,-34.5794479,-58.5040849,-0.4242533348475629,-0.6426907041324679,-0.46033399504064176,-0.5438712458134778,-0.2274177978696691,-0.0032644055688425926,-0.5483968054994288,2,Plaza,Ice Cream Shop,Coffee Shop,Train Station,Dance Studio,Empanada Restaurant,Flea Market,Fish Market,Fast Food Restaurant,Farmers Market
Villa Devoto,11,11562.01,0.7857782165557184,-34.6009939,-58.5155164,0.13021223240115207,-0.29529785710251694,-0.46033399504064176,0.17848406209358708,-0.16443856062214401,-0.21561431491680413,-0.5483968054994288,1,Coffee Shop,Café,Beer Bar,Ice Cream Shop,Italian Restaurant,Restaurant,Bistro,Chocolate Shop,Shopping Mall,Burger Joint
Liniers,9,9256.93,0.047877100414647406,-34.642403,-58.5201245,-0.3318389674027516,-0.3134559426419091,-0.10394638597691942,-0.17511643828050072,-0.3527668589988369,-0.4625054294821788,-0.5483968054994288,1,Ice Cream Shop,Argentinian Restaurant,Rock Club,Plaza,Bus Stop,Grocery Store,Electronics Store,Fish Market,Fast Food Restaurant,Farmers Market
Versalles,10,5650.47,-1.0308014169877868,-34.628928,-58.52329870000001,-0.9573591722379975,-0.9781374422549238,-0.46033399504064176,-0.4377910957012518,-0.40505899855017974,-0.497831662090897,-0.5483968054994288,3,Soccer Field,Supermarket,Plaza,Market,Argentinian Restaurant,Pizza Place,Veterinarian,Hardware Store,Gym / Fitness Center,Grocery Store
Puerto Madero,1,17725.72,0.2901601187658595,-34.6103764,-58.3622067,-1.103802305643174,-1.0302224770916015,-0.10394638597691942,3.466968715572603,5.483719128814611,4.6115191142167085,-0.5483968054994288,1,Argentinian Restaurant,Coffee Shop,Hotel Bar,Food Truck,Italian Restaurant,Outdoor Sculpture,Lounge,Hotel,BBQ Joint,Ice Cream Shop
Monserrat,1,6739.22,-0.7429966759626534,-34.6115595,-58.3841265,-0.41888760560780164,0.3765513078549947,1.3216040502779698,-0.10439633820568286,-0.37495733284458477,-0.5186348879604755,2.8850440637143864,1,Spanish Restaurant,Hotel,Café,Nightclub,Coffee Shop,Hostel,Argentinian Restaurant,Italian Restaurant,Pizza Place,Bar
San Nicolás,1,6548.08,-0.7101426739542492,-34.6044631,-58.3844969,-0.6384903934551078,1.8191634195240756,5.954642968106359,0.12796970489728882,-0.29786374658632897,-0.433066902308247,-0.5483968054994288,1,Hotel,Café,Theater,Coffee Shop,Argentinian Restaurant,Bar,Hostel,Sandwich Place,Pub,Shopping Plaza
Belgrano,13,20609.78,1.3654523116305604,-34.5613076,-58.4565454,1.363215536857985,0.7473585283436356,-0.46033399504064176,0.5472388696265642,0.8595827591474812,1.1138295722579565,0.5960834842385095,0,Argentinian Restaurant,Coffee Shop,Ice Cream Shop,Tea Room,Pizza Place,Vegetarian / Vegan Restaurant,Bookstore,Café,Pharmacy,Peruvian Restaurant
Recoleta,2,21452.84,0.7540762319614228,-34.587358,-58.39157,2.016699446000448,1.5052196774351103,-0.10394638597691942,1.3706228919262256,1.2371646578463118,1.2284435713884643,1.359070344063802,1,Hotel,French Restaurant,Italian Restaurant,Argentinian Restaurant,Plaza,Bakery,Ice Cream Shop,Brewery,Burger Joint,Bar
Retiro,1,18837.99,0.0981445016404014,-34.5916426,-58.373307,0.10734597087170793,0.71390942340265,0.6088288321505251,2.527401671721456,2.4168547514348226,2.127692448128168,1.359070344063802,1,Hotel,Italian Restaurant,Plaza,Coffee Shop,Monument / Landmark,Café,Gym / Fitness Center,Cocktail Bar,Restaurant,Argentinian Restaurant
Núñez,13,10785.26,0.06597167420534468,-34.5453484,-58.46214910000001,-0.17051625406731388,-0.30342121115961346,-0.46033399504064176,0.08755821914025036,0.4963360519176594,1.1122595174753465,-0.5483968054994288,1,BBQ Joint,Argentinian Restaurant,Restaurant,Sports Club,Soccer Field,Brewery,Sushi Restaurant,Tennis Court,Plaza,Convenience Store
La Boca,4,20060.0,0.28844066548477837,-34.6335103,-58.3590424,-0.3115936582327293,-0.36124037827188865,-0.10394638597691942,-0.7560315460379307,-0.3252593933094745,-0.17008272622112286,-0.5483968054994288,1,Theater,Pizza Place,Bus Stop,Farmers Market,Argentinian Restaurant,Arts & Crafts Store,Seafood Restaurant,Italian Restaurant,Coffee Shop,Performing Arts Venue
